title,company,type,posted_on,cities,start_date,duration_months,stipend,apply_by
Data Analyst,"Goda, Bhakta and Kamdar",Full Time,04-07-2026,"Lucknow,Chennai",22-07-2026,1,5000,30-07-2026
Marketing,Tiwari Ltd,Remote,06-06-2026,"Jaipur,Mumbai,Bengaluru,Kolkata",21-06-2026,11,5000,18-07-2026
Data Analyst,Kuruvilla Inc,Remote,30-06-2026,"Pune,Mumbai,Jaipur,Hyderabad",30-07-2026,5,10000,05-08-2026
Web Developer,Sani Ltd,Remote,06-03-2026,"Delhi,Chennai",Immediately,12,5000,11-04-2026
Business Development,Arora and Sons,Remote,24-08-2026,"Hyderabad,Kolkata",Immediately,3,5000,15-09-2026
AI/ML Intern,"Bhagat, Chaudhary and Banik",Part Time,21-06-2026,"Kolkata,Pune,Mumbai",11-07-2026,12,5000,07-07-2026
Content Writing,Viswanathan Ltd,Part Time,28-05-2026,"Kolkata,Delhi",16-06-2026,6,5000,04-07-2026
Business Development,Mutti and Sons,Remote,20-03-2026,"Delhi,Chennai",29-03-2026,5,10000,13-05-2026
AI/ML Intern,Swamy PLC,Full Time,13-02-2026,Pune,15-03-2026,5,0,14-04-2026
Web Developer,Chaudhry-Date,Remote,15-02-2026,"Pune,Delhi,Jaipur",12-03-2026,11,15000,15-04-2026
Data Analyst,Hegde Inc,Part Time,03-08-2026,"Bengaluru,Jaipur,Chennai,Ahmedabad",31-08-2026,7,5000,24-09-2026
Marketing,Parmer Inc,Remote,08-03-2026,"Mumbai,Jaipur,Chennai,Kolkata",26-03-2026,3,15000,20-04-2026
AI/ML Intern,Bawa Inc,Remote,11-08-2026,"Delhi,Pune,Jaipur",Immediately,9,15000,09-10-2026
AI/ML Intern,"Nanda, Dugar and Sami",Part Time,14-04-2026,Ahmedabad,11-05-2026,3,0,23-05-2026
Web Developer,Gill-Bawa,Part Time,02-08-2026,"Ahmedabad,Pune",31-08-2026,3,10000,12-09-2026
Business Development,Raja LLC,Part Time,11-04-2026,"Delhi,Mumbai,Bengaluru,Chennai",Immediately,4,10000,07-05-2026
Content Writing,"Varghese, Salvi and Mishra",Remote,13-06-2026,"Kolkata,Bengaluru",Immediately,12,0,28-06-2026
Data Analyst,"Lall, Handa and Sengupta",Part Time,18-01-2026,"Ahmedabad,Jaipur",12-02-2026,10,0,14-02-2026
Content Writing,Sane-Luthra,Part Time,23-02-2026,"Kolkata,Mumbai,Hyderabad,Chennai",11-03-2026,8,0,15-04-2026
Content Writing,"Radhakrishnan, Chaudry and Varghese",Remote,28-01-2026,"Bengaluru,Chennai,Pune,Ahmedabad",27-02-2026,5,10000,24-03-2026
Content Writing,"Din, Mody and Sehgal",Part Time,29-04-2026,"Ahmedabad,Hyderabad",06-05-2026,9,0,27-05-2026
Web Developer,Choudhry-Taneja,Part Time,17-02-2026,"Hyderabad,Lucknow,Ahmedabad,Chennai",Immediately,10,15000,23-03-2026
AI/ML Intern,Chand-Bedi,Remote,21-04-2026,"Lucknow,Delhi",18-05-2026,7,0,10-06-2026
Data Analyst,Garg Ltd,Remote,07-01-2026,"Pune,Hyderabad,Ahmedabad",04-02-2026,7,15000,23-01-2026
Business Development,Chad PLC,Full Time,23-05-2026,Kolkata,09-06-2026,5,0,07-06-2026
AI/ML Intern,Sane and Sons,Remote,15-06-2026,"Pune,Delhi",Immediately,5,0,04-08-2026
Data Analyst,Singhal and Sons,Part Time,14-02-2026,Hyderabad,Immediately,3,0,11-04-2026
Data Analyst,Savant PLC,Full Time,15-08-2026,"Jaipur,Kolkata",Immediately,2,10000,28-09-2026
Marketing,Mann-Baral,Full Time,21-07-2026,"Bengaluru,Mumbai,Lucknow,Jaipur",Immediately,2,10000,10-09-2026
Web Developer,"Sarna, Kara and Narasimhan",Part Time,14-01-2026,"Chennai,Pune,Kolkata",09-02-2026,6,5000,16-02-2026
Web Developer,Dutta Group,Part Time,11-02-2026,"Pune,Kolkata,Jaipur,Hyderabad",02-03-2026,7,10000,27-03-2026
Content Writing,Bhavsar Ltd,Part Time,06-06-2026,"Hyderabad,Jaipur,Chennai",Immediately,5,0,03-07-2026
AI/ML Intern,"Minhas, Gandhi and Ramanathan",Part Time,05-07-2026,"Hyderabad,Ahmedabad,Jaipur,Mumbai",Immediately,5,0,22-08-2026
Data Analyst,Vasa Group,Remote,04-01-2026,"Ahmedabad,Chennai,Mumbai",30-01-2026,3,5000,29-01-2026
Marketing,Bail Ltd,Full Time,22-06-2026,"Hyderabad,Lucknow,Mumbai,Pune",Immediately,7,10000,17-08-2026
Marketing,Anne-Kaul,Full Time,02-01-2026,"Bengaluru,Mumbai",26-01-2026,7,5000,10-02-2026
Business Development,Bansal and Sons,Full Time,02-05-2026,"Bengaluru,Ahmedabad",20-05-2026,4,15000,30-06-2026
Data Analyst,Sekhon Inc,Remote,10-01-2026,Pune,05-02-2026,6,15000,07-02-2026
Web Developer,"Narayanan, Sagar and Jha",Part Time,13-06-2026,"Pune,Ahmedabad,Hyderabad,Bengaluru",10-07-2026,8,5000,24-07-2026
Data Analyst,Pillai-Narasimhan,Full Time,08-02-2026,"Hyderabad,Ahmedabad",28-02-2026,7,10000,01-03-2026
AI/ML Intern,Mohanty Inc,Part Time,15-02-2026,"Lucknow,Delhi,Kolkata",Immediately,4,10000,06-03-2026
Business Development,Narayanan-Nigam,Full Time,16-03-2026,"Jaipur,Pune,Lucknow",Immediately,6,15000,14-04-2026
Web Developer,"Batra, Reddy and Sodhi",Full Time,04-01-2026,"Jaipur,Hyderabad",15-01-2026,9,10000,10-02-2026
Content Writing,Panchal LLC,Full Time,03-03-2026,"Kolkata,Ahmedabad,Chennai,Pune",Immediately,8,15000,16-04-2026
Business Development,Swaminathan-Sarna,Remote,29-06-2026,"Jaipur,Bengaluru,Delhi,Hyderabad",14-07-2026,10,0,24-07-2026
AI/ML Intern,Sharaf-Chandra,Full Time,22-07-2026,"Kolkata,Jaipur",Immediately,3,5000,07-08-2026
Web Developer,Pillay-Kohli,Full Time,14-06-2026,"Kolkata,Chennai,Bengaluru,Jaipur",05-07-2026,2,15000,01-08-2026
AI/ML Intern,Rattan-Mane,Part Time,06-07-2026,Jaipur,Immediately,2,0,06-08-2026
Content Writing,Zacharia and Sons,Full Time,24-03-2026,"Lucknow,Pune",03-04-2026,2,10000,28-04-2026
Marketing,Dayal-Bahl,Full Time,30-07-2026,Chennai,Immediately,7,10000,19-08-2026
Content Writing,"Thakkar, Mohan and Kapur",Remote,06-08-2026,"Kolkata,Lucknow,Chennai,Hyderabad",23-08-2026,4,10000,29-08-2026
AI/ML Intern,"Wadhwa, Krish and Mahal",Full Time,26-03-2026,Hyderabad,Immediately,10,10000,30-04-2026
Content Writing,"Bir, Narang and Patla",Remote,05-02-2026,"Hyderabad,Mumbai,Chennai,Lucknow",Immediately,9,5000,05-03-2026
Content Writing,Shere-Dua,Full Time,24-01-2026,"Ahmedabad,Lucknow",Immediately,10,5000,28-02-2026
Web Developer,"Ahluwalia, Pandit and Kibe",Full Time,13-03-2026,"Pune,Kolkata",11-04-2026,6,0,20-04-2026
AI/ML Intern,"Memon, Misra and Pingle",Remote,21-04-2026,"Jaipur,Lucknow,Hyderabad,Mumbai",Immediately,11,5000,13-06-2026
Content Writing,"Chand, Basak and Sridhar",Part Time,21-04-2026,"Hyderabad,Kolkata,Chennai",04-05-2026,4,5000,20-05-2026
AI/ML Intern,Goel Group,Remote,13-02-2026,"Jaipur,Chennai,Delhi",Immediately,5,15000,06-03-2026
Marketing,"Bir, Rau and Hayre",Part Time,30-04-2026,"Delhi,Bengaluru,Pune,Lucknow",Immediately,2,5000,13-06-2026
AI/ML Intern,Issac-Pillay,Full Time,11-06-2026,Bengaluru,21-06-2026,2,5000,02-07-2026
Marketing,Sahota-Rai,Full Time,26-03-2026,"Delhi,Hyderabad",18-04-2026,3,5000,24-05-2026
AI/ML Intern,Garde Group,Remote,14-01-2026,"Chennai,Hyderabad,Pune",Immediately,1,5000,23-02-2026
Content Writing,Varughese Ltd,Remote,18-08-2026,Chennai,Immediately,3,15000,17-10-2026
Business Development,Patla-Cheema,Remote,04-08-2026,"Hyderabad,Delhi,Chennai",Immediately,4,15000,19-08-2026
Marketing,Bera-Chaudhary,Remote,14-03-2026,"Ahmedabad,Hyderabad",Immediately,3,15000,22-04-2026
Data Analyst,"Ramanathan, Konda and Buch",Remote,12-07-2026,"Delhi,Jaipur,Ahmedabad,Mumbai",Immediately,4,15000,19-08-2026
Web Developer,Dash-Wali,Part Time,24-07-2026,"Pune,Hyderabad,Mumbai",08-08-2026,5,10000,11-09-2026
Business Development,Bains-Oommen,Full Time,02-04-2026,"Bengaluru,Jaipur,Mumbai",10-04-2026,5,10000,22-05-2026
Marketing,"Datta, Din and Pingle",Part Time,12-06-2026,Mumbai,08-07-2026,2,0,07-08-2026
Content Writing,Thakkar LLC,Remote,04-04-2026,Lucknow,19-04-2026,4,10000,08-05-2026
AI/ML Intern,Kannan LLC,Part Time,19-03-2026,"Hyderabad,Pune,Chennai",18-04-2026,1,5000,12-05-2026
Marketing,Hans-Bumb,Remote,03-01-2026,"Bengaluru,Hyderabad,Jaipur,Ahmedabad",Immediately,4,10000,09-02-2026
Content Writing,Bhatia-Dugar,Full Time,14-03-2026,"Delhi,Bengaluru,Jaipur",22-03-2026,5,5000,21-04-2026
Marketing,Dani and Sons,Part Time,23-08-2026,"Kolkata,Mumbai",10-09-2026,3,15000,10-09-2026
Marketing,"Dixit, Samra and Cheema",Part Time,22-05-2026,"Lucknow,Kolkata,Jaipur,Ahmedabad",Immediately,6,0,14-07-2026
Web Developer,Kara-Jain,Full Time,07-04-2026,"Chennai,Delhi,Kolkata",03-05-2026,2,0,30-04-2026
Content Writing,Menon-Ram,Part Time,28-01-2026,"Hyderabad,Bengaluru",05-02-2026,6,10000,09-03-2026
Content Writing,"Bhatt, Majumdar and Sagar",Part Time,30-06-2026,"Pune,Kolkata",22-07-2026,8,5000,19-08-2026
Content Writing,Lanka and Sons,Remote,17-06-2026,Lucknow,27-06-2026,4,5000,16-08-2026
Content Writing,"Sehgal, Dora and Ravi",Full Time,25-05-2026,Mumbai,12-06-2026,11,15000,13-06-2026
Content Writing,Karpe and Sons,Part Time,24-05-2026,"Kolkata,Pune",Immediately,1,0,05-07-2026
AI/ML Intern,"Tara, Dixit and Bajaj",Part Time,10-03-2026,"Chennai,Bengaluru,Jaipur",Immediately,9,0,28-04-2026
Web Developer,Pant-Sanghvi,Part Time,18-08-2026,"Lucknow,Delhi,Chennai",05-09-2026,2,5000,21-09-2026
Content Writing,Hayer Inc,Remote,01-01-2026,Kolkata,15-01-2026,3,10000,10-02-2026
Content Writing,Rajagopalan-Pant,Part Time,08-07-2026,"Lucknow,Delhi,Hyderabad,Bengaluru",20-07-2026,10,0,06-08-2026
Marketing,"Kaur, Bawa and Shere",Part Time,04-01-2026,"Kolkata,Bengaluru,Delhi",14-01-2026,11,15000,01-03-2026
Data Analyst,"Chawla, Rao and Sidhu",Remote,05-01-2026,"Mumbai,Bengaluru",Immediately,12,15000,23-02-2026
Business Development,Khalsa LLC,Full Time,28-06-2026,Pune,Immediately,10,10000,11-08-2026
Content Writing,"Chakrabarti, Chad and Krishnan",Full Time,20-01-2026,"Jaipur,Ahmedabad",19-02-2026,2,15000,17-02-2026
AI/ML Intern,"Dhar, Sanghvi and Sankaran",Remote,04-03-2026,"Chennai,Pune",Immediately,2,15000,24-03-2026
Content Writing,Sarna-Date,Part Time,02-07-2026,"Mumbai,Bengaluru",Immediately,9,15000,17-08-2026
Marketing,Dey-Hayer,Part Time,14-07-2026,"Mumbai,Hyderabad",13-08-2026,12,0,09-08-2026
Business Development,Deshpande and Sons,Full Time,05-06-2026,"Hyderabad,Mumbai",25-06-2026,7,15000,04-07-2026
Marketing,"Dalal, Issac and Rege",Full Time,08-02-2026,"Jaipur,Chennai,Mumbai,Pune",Immediately,11,10000,28-02-2026
Marketing,"Sur, Dara and Radhakrishnan",Remote,28-03-2026,"Hyderabad,Jaipur,Chennai,Ahmedabad",13-04-2026,3,10000,29-04-2026
Business Development,Swamy Group,Remote,18-01-2026,"Pune,Mumbai,Jaipur",Immediately,6,15000,17-02-2026
AI/ML Intern,Cherian-Verma,Full Time,31-08-2026,Ahmedabad,Immediately,3,5000,04-10-2026
Content Writing,"Kar, Trivedi and Walla",Full Time,17-01-2026,Delhi,Immediately,4,15000,05-02-2026
Web Developer,Reddy Ltd,Full Time,11-08-2026,"Chennai,Ahmedabad,Lucknow,Bengaluru",Immediately,2,10000,10-09-2026
Content Writing,Chaudhuri Inc,Full Time,01-06-2026,"Lucknow,Jaipur",Immediately,9,15000,20-06-2026
Business Development,Shankar and Sons,Full Time,08-08-2026,"Ahmedabad,Hyderabad",06-09-2026,7,5000,16-09-2026
Marketing,Agate Ltd,Full Time,12-04-2026,"Chennai,Hyderabad",02-05-2026,12,5000,08-06-2026
AI/ML Intern,Gade Group,Part Time,26-04-2026,Bengaluru,12-05-2026,8,15000,27-05-2026
Web Developer,"Luthra, Soman and Palan",Part Time,02-08-2026,"Delhi,Hyderabad",Immediately,4,5000,20-09-2026
Data Analyst,"Reddy, Bhatia and Ray",Part Time,16-08-2026,"Chennai,Jaipur,Ahmedabad,Delhi",Immediately,5,15000,08-10-2026
Marketing,"Jain, Deo and Grover",Part Time,06-07-2026,"Mumbai,Lucknow",Immediately,9,5000,26-08-2026
AI/ML Intern,"Mohanty, Agate and Devan",Full Time,12-07-2026,"Jaipur,Lucknow,Chennai",Immediately,2,5000,04-08-2026
Marketing,Rastogi Ltd,Full Time,29-04-2026,"Kolkata,Mumbai",19-05-2026,5,5000,02-06-2026
Data Analyst,"Korpal, Kant and Savant",Part Time,22-07-2026,"Bengaluru,Hyderabad,Lucknow,Ahmedabad",10-08-2026,12,15000,09-09-2026
Web Developer,Gala Group,Remote,23-08-2026,Lucknow,21-09-2026,11,15000,23-09-2026
Web Developer,Varty Inc,Part Time,18-04-2026,"Bengaluru,Kolkata",Immediately,10,0,26-05-2026
Business Development,"Bajwa, Kapadia and Lanka",Remote,23-01-2026,"Pune,Delhi,Jaipur,Ahmedabad",Immediately,8,15000,19-02-2026
Content Writing,"Grover, Sane and Vig",Remote,02-03-2026,Bengaluru,Immediately,8,15000,25-03-2026
Marketing,"Sathe, Kothari and Walla",Part Time,23-07-2026,"Mumbai,Pune,Jaipur,Kolkata",Immediately,7,5000,23-08-2026
AI/ML Intern,Lanka LLC,Part Time,09-08-2026,"Kolkata,Lucknow,Mumbai,Bengaluru",Immediately,11,5000,17-09-2026
AI/ML Intern,Bhatia-Sachdeva,Remote,21-01-2026,"Jaipur,Pune,Chennai,Bengaluru",04-02-2026,2,0,28-02-2026
Web Developer,Wable-Chokshi,Full Time,24-01-2026,Chennai,06-02-2026,10,10000,07-03-2026
AI/ML Intern,"Hayre, Bains and Rajagopal",Part Time,22-05-2026,Lucknow,Immediately,12,0,21-07-2026
AI/ML Intern,"Chad, Bhattacharyya and Mitter",Full Time,18-05-2026,"Chennai,Bengaluru,Hyderabad,Kolkata",Immediately,3,5000,19-06-2026
Content Writing,"Lata, Dhillon and Tata",Remote,02-07-2026,"Jaipur,Hyderabad,Ahmedabad",Immediately,3,15000,30-08-2026
Data Analyst,Dhillon Ltd,Remote,10-03-2026,Mumbai,01-04-2026,8,5000,27-03-2026
AI/ML Intern,"Bali, Sabharwal and Palla",Full Time,28-02-2026,"Jaipur,Kolkata,Pune,Chennai",15-03-2026,7,0,02-04-2026
Marketing,"Bhatnagar, Som and Biswas",Remote,30-04-2026,"Ahmedabad,Delhi,Mumbai,Lucknow",Immediately,7,0,31-05-2026
Web Developer,Hari-Jani,Remote,27-07-2026,Chennai,19-08-2026,11,5000,20-08-2026
Marketing,"Bhatia, Khare and Goel",Remote,23-04-2026,"Chennai,Hyderabad",04-05-2026,2,5000,13-06-2026
Marketing,Dar-Gara,Remote,22-02-2026,Mumbai,04-03-2026,5,5000,18-03-2026
Web Developer,Saha Inc,Full Time,29-05-2026,"Chennai,Delhi,Pune,Lucknow",Immediately,7,15000,14-06-2026
AI/ML Intern,Chana-Kunda,Part Time,20-03-2026,Hyderabad,28-03-2026,12,15000,11-05-2026
Data Analyst,Mander-Ahluwalia,Remote,02-05-2026,"Chennai,Mumbai,Hyderabad,Kolkata",Immediately,3,15000,13-06-2026
Web Developer,Deshpande-Nagar,Full Time,29-04-2026,"Bengaluru,Pune",20-05-2026,10,0,28-05-2026
Business Development,"Chopra, Upadhyay and Hayre",Remote,18-05-2026,"Pune,Hyderabad,Kolkata,Lucknow",08-06-2026,7,15000,04-07-2026
Data Analyst,Mannan Inc,Part Time,09-07-2026,"Hyderabad,Bengaluru",Immediately,7,5000,24-08-2026
Business Development,Mukherjee-Tak,Part Time,28-04-2026,Lucknow,Immediately,5,10000,22-05-2026
Marketing,"Sandal, Pradhan and Sen",Remote,28-04-2026,"Kolkata,Mumbai,Jaipur,Chennai",14-05-2026,7,0,16-06-2026
Web Developer,"Raja, Patla and Hari",Part Time,22-03-2026,Mumbai,18-04-2026,6,10000,07-04-2026
Content Writing,Kumar-Natt,Remote,22-03-2026,Lucknow,Immediately,2,5000,06-04-2026
Business Development,Nadig-Mander,Full Time,18-08-2026,"Ahmedabad,Mumbai,Hyderabad",Immediately,2,15000,03-10-2026
Business Development,Sengupta LLC,Remote,27-03-2026,"Mumbai,Pune,Lucknow",17-04-2026,11,10000,12-05-2026
Data Analyst,"Soman, Shroff and Hegde",Full Time,22-08-2026,"Delhi,Kolkata",Immediately,6,5000,01-10-2026
Business Development,Brar Inc,Remote,11-05-2026,"Pune,Kolkata,Lucknow",Immediately,12,5000,09-06-2026
Web Developer,Behl Ltd,Remote,17-06-2026,"Jaipur,Pune,Kolkata,Lucknow",09-07-2026,11,0,09-07-2026
AI/ML Intern,"Apte, Dara and Sama",Remote,09-07-2026,Kolkata,Immediately,2,0,06-09-2026
Marketing,"Butala, Palla and Sandal",Remote,18-02-2026,"Pune,Lucknow",Immediately,5,5000,04-04-2026
Business Development,Srinivasan Ltd,Full Time,29-03-2026,"Pune,Jaipur",Immediately,12,10000,02-05-2026
Content Writing,"Goda, Jain and Chopra",Full Time,12-06-2026,Bengaluru,Immediately,9,0,29-06-2026
Data Analyst,Nadkarni-Nazareth,Remote,06-01-2026,"Bengaluru,Ahmedabad,Kolkata",14-01-2026,7,15000,24-02-2026
Marketing,Gupta Ltd,Remote,26-02-2026,"Mumbai,Jaipur,Delhi,Ahmedabad",05-03-2026,12,15000,12-04-2026
AI/ML Intern,"Date, Badami and Thaker",Full Time,18-05-2026,"Jaipur,Hyderabad,Delhi",Immediately,8,15000,06-06-2026
Web Developer,Ray Inc,Full Time,17-08-2026,"Pune,Bengaluru,Lucknow",Immediately,2,10000,11-09-2026
Data Analyst,Menon-Iyengar,Full Time,01-07-2026,"Kolkata,Hyderabad,Mumbai",13-07-2026,9,5000,23-08-2026
AI/ML Intern,Kale PLC,Part Time,07-05-2026,Ahmedabad,29-05-2026,2,15000,06-07-2026
Business Development,Basu PLC,Part Time,06-03-2026,"Lucknow,Delhi,Bengaluru,Mumbai",Immediately,11,5000,03-04-2026
Marketing,Sachar and Sons,Remote,16-03-2026,"Hyderabad,Pune,Ahmedabad,Delhi",12-04-2026,4,15000,15-05-2026
Content Writing,Dar Group,Remote,02-01-2026,"Ahmedabad,Lucknow",29-01-2026,9,0,26-02-2026
Marketing,"Varma, Kata and Mitra",Part Time,31-01-2026,"Mumbai,Jaipur,Delhi",15-02-2026,11,0,19-03-2026
Business Development,"Khanna, Bala and Narula",Remote,15-04-2026,"Kolkata,Pune,Mumbai,Hyderabad",03-05-2026,11,15000,10-06-2026
Marketing,Maharaj Inc,Full Time,14-03-2026,"Delhi,Mumbai,Chennai",04-04-2026,7,10000,24-04-2026
AI/ML Intern,"Walla, Subramanian and Vasa",Remote,27-08-2026,"Bengaluru,Chennai",15-09-2026,10,15000,12-09-2026
Marketing,Rana LLC,Part Time,16-01-2026,"Lucknow,Mumbai,Bengaluru",02-02-2026,5,10000,31-01-2026
Business Development,Sura and Sons,Part Time,14-05-2026,Chennai,Immediately,7,10000,14-06-2026
Content Writing,Gupta Group,Part Time,25-04-2026,"Lucknow,Delhi,Mumbai,Chennai",08-05-2026,12,15000,02-06-2026
Business Development,Bhattacharyya and Sons,Full Time,17-08-2026,"Hyderabad,Lucknow",Immediately,6,5000,09-10-2026
Content Writing,"Raghavan, Nair and Yogi",Part Time,28-01-2026,"Lucknow,Delhi,Kolkata",Immediately,6,0,24-02-2026
Business Development,Munshi and Sons,Part Time,15-05-2026,"Hyderabad,Mumbai",Immediately,2,5000,20-06-2026
Business Development,"Chaudry, Palla and Manda",Remote,28-04-2026,Kolkata,Immediately,11,10000,04-06-2026
Data Analyst,"De, Balakrishnan and Bansal",Part Time,20-01-2026,"Mumbai,Bengaluru",Immediately,2,15000,07-03-2026
Content Writing,Koshy Inc,Full Time,14-08-2026,"Delhi,Lucknow,Kolkata",25-08-2026,3,5000,04-10-2026
Business Development,Barad-Sankar,Full Time,22-01-2026,Delhi,03-02-2026,2,0,25-02-2026
Data Analyst,Sagar-Pal,Part Time,11-08-2026,"Kolkata,Chennai,Jaipur,Hyderabad",30-08-2026,9,0,26-09-2026
Data Analyst,"Seshadri, Viswanathan and Pal",Part Time,18-04-2026,"Chennai,Pune,Bengaluru,Mumbai",01-05-2026,7,0,15-05-2026
Content Writing,"Mand, Manne and Bala",Full Time,20-04-2026,Chennai,02-05-2026,8,15000,06-06-2026
Business Development,"Gandhi, Deol and Lad",Part Time,29-03-2026,Jaipur,Immediately,4,0,21-04-2026
Web Developer,Srinivas-Setty,Full Time,26-08-2026,"Bengaluru,Jaipur,Chennai",21-09-2026,9,0,10-09-2026
AI/ML Intern,Gara-Bala,Part Time,29-03-2026,"Mumbai,Hyderabad",Immediately,6,5000,29-04-2026
Marketing,Barad-Chahal,Remote,28-02-2026,Kolkata,08-03-2026,7,5000,15-04-2026
Data Analyst,Dixit-Toor,Part Time,30-01-2026,Delhi,18-02-2026,12,10000,18-02-2026
AI/ML Intern,"Wable, Kapoor and Chhabra",Full Time,18-01-2026,"Pune,Ahmedabad,Hyderabad,Jaipur",10-02-2026,12,0,09-02-2026
Web Developer,Apte-Bandi,Part Time,15-01-2026,Lucknow,Immediately,7,0,14-02-2026
Content Writing,Ram Ltd,Remote,17-05-2026,"Lucknow,Hyderabad,Mumbai",16-06-2026,11,15000,15-06-2026
AI/ML Intern,Dugal-Kibe,Full Time,06-06-2026,"Delhi,Lucknow,Bengaluru,Ahmedabad",Immediately,10,10000,13-07-2026
Content Writing,Desai and Sons,Remote,11-04-2026,"Delhi,Lucknow,Pune",Immediately,11,5000,04-06-2026
Business Development,Merchant Group,Full Time,21-08-2026,"Bengaluru,Lucknow,Chennai",Immediately,7,15000,17-09-2026
Business Development,"Mannan, Sundaram and Kapadia",Full Time,08-05-2026,"Mumbai,Ahmedabad,Lucknow",07-06-2026,11,0,15-06-2026
Data Analyst,Aurora LLC,Remote,06-02-2026,"Delhi,Ahmedabad,Kolkata",Immediately,3,5000,13-03-2026
AI/ML Intern,Kothari-Gulati,Full Time,05-03-2026,Chennai,22-03-2026,8,5000,20-03-2026
Web Developer,"Patla, Kant and Narayan",Remote,09-03-2026,"Chennai,Hyderabad",Immediately,10,0,09-04-2026
Marketing,"Sagar, Keer and Mander",Full Time,05-05-2026,"Ahmedabad,Mumbai",Immediately,2,0,21-06-2026
Content Writing,Kibe-Sekhon,Part Time,06-04-2026,"Bengaluru,Delhi,Hyderabad",24-04-2026,5,15000,27-05-2026
Marketing,Dara and Sons,Part Time,17-07-2026,Jaipur,Immediately,1,10000,27-08-2026
Content Writing,"Buch, Sekhon and Raj",Remote,22-04-2026,"Kolkata,Lucknow,Hyderabad",Immediately,9,15000,12-05-2026
Web Developer,Dalal PLC,Part Time,15-05-2026,"Jaipur,Mumbai,Ahmedabad",Immediately,12,0,10-07-2026
AI/ML Intern,Deshmukh Inc,Part Time,15-05-2026,"Chennai,Hyderabad,Bengaluru,Mumbai",11-06-2026,10,5000,27-06-2026
AI/ML Intern,"Butala, Jaggi and Madan",Part Time,30-04-2026,"Bengaluru,Delhi,Kolkata,Jaipur",10-05-2026,2,0,03-06-2026
Content Writing,"Yohannan, Lad and Mahajan",Full Time,08-01-2026,"Bengaluru,Chennai,Jaipur,Mumbai",28-01-2026,1,10000,23-01-2026
Business Development,"Chakrabarti, Shan and Bhakta",Part Time,22-08-2026,"Jaipur,Mumbai,Ahmedabad,Chennai",06-09-2026,11,5000,09-10-2026
Marketing,Yogi and Sons,Remote,23-01-2026,"Jaipur,Bengaluru,Delhi",Immediately,10,10000,25-02-2026
Content Writing,"Pal, Prabhu and Narayan",Full Time,19-01-2026,"Chennai,Ahmedabad",Immediately,8,5000,26-02-2026
Content Writing,Bassi-Ranganathan,Part Time,07-07-2026,Hyderabad,Immediately,4,15000,17-08-2026
Content Writing,Wagle Group,Full Time,25-01-2026,Pune,Immediately,6,15000,16-03-2026
Data Analyst,"Wadhwa, Goel and Dass",Remote,12-07-2026,"Pune,Mumbai,Kolkata",06-08-2026,4,0,15-08-2026
Content Writing,Lata and Sons,Part Time,22-02-2026,"Bengaluru,Ahmedabad,Kolkata",Immediately,1,0,19-03-2026
Content Writing,Naik-Aggarwal,Full Time,25-04-2026,"Kolkata,Bengaluru,Mumbai",Immediately,2,10000,16-06-2026
Marketing,Kannan-Prashad,Remote,26-06-2026,Pune,Immediately,7,0,14-08-2026
Data Analyst,Sani PLC,Full Time,23-06-2026,"Mumbai,Lucknow,Kolkata,Jaipur",Immediately,1,15000,01-08-2026
Web Developer,Setty Ltd,Remote,16-06-2026,"Pune,Bengaluru,Kolkata",Immediately,8,0,14-08-2026
Marketing,"Chaudhry, Kurian and Desai",Remote,21-02-2026,"Ahmedabad,Hyderabad",Immediately,12,5000,06-04-2026
Data Analyst,Char Ltd,Full Time,04-08-2026,"Delhi,Hyderabad,Ahmedabad,Jaipur",11-08-2026,7,15000,02-09-2026
AI/ML Intern,Sama PLC,Part Time,26-02-2026,"Ahmedabad,Lucknow",23-03-2026,4,0,15-03-2026
Data Analyst,"Pillai, Bhakta and Banik",Part Time,01-02-2026,"Mumbai,Lucknow",Immediately,11,10000,04-03-2026
Web Developer,Vig and Sons,Part Time,02-02-2026,"Ahmedabad,Kolkata,Delhi,Jaipur",Immediately,10,5000,19-02-2026
AI/ML Intern,"Narula, Dua and Thaker",Part Time,18-08-2026,"Delhi,Lucknow,Pune",16-09-2026,12,10000,07-10-2026
Marketing,Luthra-Kanda,Part Time,07-03-2026,Pune,Immediately,9,10000,17-04-2026
Business Development,"Krishna, Hora and Gola",Part Time,26-07-2026,"Mumbai,Kolkata,Delhi",09-08-2026,6,0,25-08-2026
Business Development,Swamy-Subramaniam,Part Time,15-02-2026,"Hyderabad,Kolkata,Jaipur,Mumbai",Immediately,10,10000,15-04-2026
Content Writing,Parmar-Prashad,Full Time,07-06-2026,"Mumbai,Jaipur,Lucknow",20-06-2026,8,15000,15-07-2026
Marketing,"Kamdar, Goyal and Chaudhry",Remote,27-07-2026,Delhi,09-08-2026,3,10000,22-08-2026
Content Writing,"Ganesh, Parmar and Bhavsar",Remote,13-05-2026,Hyderabad,Immediately,10,5000,12-06-2026
Data Analyst,Ram-Bhalla,Remote,15-07-2026,"Bengaluru,Mumbai,Chennai",Immediately,3,5000,19-08-2026
Business Development,Mand-Jaggi,Part Time,31-07-2026,"Lucknow,Chennai,Kolkata,Hyderabad",09-08-2026,5,10000,29-09-2026
AI/ML Intern,"Chhabra, Khanna and Joshi",Full Time,07-05-2026,"Hyderabad,Kolkata,Ahmedabad",15-05-2026,4,0,07-06-2026
Web Developer,Radhakrishnan-Chaudry,Part Time,31-07-2026,"Hyderabad,Delhi",27-08-2026,1,0,13-09-2026
Web Developer,Bhatnagar Group,Remote,07-03-2026,"Chennai,Kolkata",22-03-2026,9,5000,26-04-2026
Data Analyst,Sankar PLC,Part Time,31-08-2026,"Ahmedabad,Delhi,Pune,Kolkata",Immediately,7,5000,15-10-2026
Content Writing,Padmanabhan-Chakraborty,Part Time,18-06-2026,"Jaipur,Chennai,Delhi,Lucknow",10-07-2026,2,15000,07-07-2026
Web Developer,Deep Inc,Remote,15-07-2026,"Chennai,Kolkata",09-08-2026,9,15000,04-08-2026
Business Development,"Mutti, Deshpande and Goel",Part Time,22-06-2026,"Ahmedabad,Pune,Bengaluru,Jaipur",Immediately,12,10000,14-08-2026
Marketing,Barman-Bir,Remote,19-01-2026,"Lucknow,Jaipur,Bengaluru",Immediately,8,0,05-02-2026
Business Development,Divan-Biswas,Full Time,03-04-2026,"Jaipur,Pune,Lucknow",18-04-2026,7,10000,17-05-2026
AI/ML Intern,Sankar PLC,Remote,21-08-2026,"Kolkata,Delhi",Immediately,10,10000,07-09-2026
AI/ML Intern,Dube LLC,Remote,29-08-2026,"Chennai,Jaipur",Immediately,4,5000,04-10-2026
Data Analyst,"Tank, Khatri and Ratta",Remote,22-06-2026,"Bengaluru,Ahmedabad,Pune,Jaipur",Immediately,6,15000,26-07-2026
Marketing,Seth-Prakash,Part Time,21-04-2026,"Bengaluru,Mumbai,Delhi",Immediately,5,10000,14-05-2026
Web Developer,Bassi LLC,Part Time,22-01-2026,Jaipur,16-02-2026,12,10000,15-02-2026
Business Development,"Lalla, Morar and Swamy",Full Time,24-04-2026,"Lucknow,Bengaluru,Mumbai",Immediately,5,5000,21-06-2026
Web Developer,Khanna Group,Full Time,12-03-2026,"Chennai,Lucknow",Immediately,4,10000,05-04-2026
Web Developer,"Vaidya, Parmar and Dhawan",Full Time,29-06-2026,"Jaipur,Pune,Mumbai",10-07-2026,8,0,10-08-2026
Data Analyst,Dutta Inc,Remote,07-03-2026,Chennai,17-03-2026,10,15000,27-03-2026
Data Analyst,"Lala, Joshi and Badami",Part Time,05-05-2026,"Chennai,Lucknow",Immediately,4,15000,04-06-2026
Data Analyst,Golla and Sons,Part Time,06-05-2026,"Ahmedabad,Lucknow,Delhi,Mumbai",01-06-2026,8,15000,14-06-2026
Content Writing,Srinivasan Ltd,Part Time,06-06-2026,"Hyderabad,Kolkata",Immediately,2,0,05-07-2026
Business Development,"Mane, Khare and Sen",Part Time,21-07-2026,"Bengaluru,Pune",Immediately,3,10000,16-09-2026
AI/ML Intern,Padmanabhan-Jaggi,Part Time,03-02-2026,Lucknow,Immediately,5,10000,01-04-2026
Data Analyst,Jaggi LLC,Remote,16-07-2026,"Pune,Bengaluru,Delhi,Mumbai",Immediately,11,15000,26-08-2026
Business Development,Chhabra and Sons,Remote,16-07-2026,Hyderabad,13-08-2026,5,15000,03-08-2026
Marketing,Murthy and Sons,Full Time,01-02-2026,"Ahmedabad,Pune,Chennai",Immediately,6,15000,22-02-2026
Business Development,Gole-Mohanty,Remote,17-05-2026,"Mumbai,Jaipur,Delhi",25-05-2026,10,0,02-07-2026
Business Development,Jhaveri-Dave,Remote,17-01-2026,"Pune,Lucknow",Immediately,6,5000,15-03-2026
Content Writing,Atwal LLC,Full Time,07-03-2026,"Hyderabad,Mumbai",24-03-2026,9,5000,30-03-2026
Content Writing,Bhatt-Lala,Part Time,30-03-2026,Hyderabad,Immediately,1,10000,11-05-2026
Data Analyst,"Gill, Choudhry and Vaidya",Remote,21-07-2026,"Ahmedabad,Bengaluru,Kolkata,Chennai",30-07-2026,7,5000,16-08-2026
Marketing,"Zacharia, Barad and Goel",Full Time,29-05-2026,"Chennai,Pune,Jaipur",Immediately,6,15000,28-07-2026
Data Analyst,"Munshi, Kala and Rastogi",Full Time,05-02-2026,"Mumbai,Jaipur,Chennai,Ahmedabad",14-02-2026,7,0,07-03-2026
Content Writing,Sidhu LLC,Remote,09-05-2026,"Mumbai,Ahmedabad,Delhi",Immediately,6,10000,23-06-2026
Data Analyst,"Srinivasan, Sarna and Patla",Remote,18-06-2026,"Ahmedabad,Kolkata,Bengaluru",Immediately,11,5000,13-07-2026
Marketing,"Kaul, Gulati and Subramaniam",Part Time,22-03-2026,"Jaipur,Chennai,Hyderabad",Immediately,11,5000,08-04-2026
Business Development,"Wable, Srinivas and Tandon",Part Time,30-03-2026,"Pune,Bengaluru,Ahmedabad,Jaipur",23-04-2026,5,5000,27-05-2026
Data Analyst,Swaminathan PLC,Full Time,12-05-2026,"Ahmedabad,Pune",Immediately,11,0,12-06-2026
Content Writing,Bora LLC,Remote,25-04-2026,"Kolkata,Jaipur,Ahmedabad",03-05-2026,10,10000,11-06-2026
Marketing,Chauhan-Minhas,Full Time,13-04-2026,"Pune,Mumbai,Ahmedabad,Delhi",Immediately,2,0,30-04-2026
Business Development,Garde-Mohan,Remote,25-08-2026,"Mumbai,Bengaluru,Hyderabad,Pune",Immediately,11,5000,22-10-2026
Data Analyst,Dubey-Nagy,Remote,02-06-2026,"Chennai,Pune",29-06-2026,4,10000,29-07-2026
Data Analyst,Swaminathan-Khurana,Remote,10-03-2026,Ahmedabad,03-04-2026,11,10000,03-04-2026
Content Writing,"Madan, Koshy and Anne",Part Time,22-04-2026,"Delhi,Mumbai,Ahmedabad",03-05-2026,7,15000,10-06-2026
AI/ML Intern,Bhargava-Dara,Remote,31-07-2026,"Ahmedabad,Mumbai",26-08-2026,3,15000,16-09-2026
Marketing,Yogi-Kohli,Full Time,11-02-2026,"Chennai,Lucknow,Ahmedabad",09-03-2026,10,15000,01-03-2026
Marketing,Seth Inc,Part Time,01-07-2026,Kolkata,Immediately,12,15000,18-07-2026
Web Developer,Madan-Chandra,Full Time,15-03-2026,"Lucknow,Mumbai,Kolkata,Bengaluru",08-04-2026,8,10000,20-04-2026
AI/ML Intern,Sunder LLC,Remote,31-05-2026,"Ahmedabad,Delhi",Immediately,8,10000,21-07-2026
AI/ML Intern,"Dutta, Raj and Sengupta",Part Time,23-06-2026,Hyderabad,Immediately,11,0,13-08-2026
Data Analyst,"Dave, Tank and Modi",Part Time,12-02-2026,"Pune,Chennai,Jaipur",Immediately,6,10000,03-04-2026
Data Analyst,Wason Ltd,Full Time,29-08-2026,"Jaipur,Kolkata,Hyderabad,Bengaluru",07-09-2026,10,15000,02-10-2026
Marketing,"Nazareth, Wali and Sekhon",Remote,26-02-2026,"Mumbai,Bengaluru,Pune",21-03-2026,9,15000,13-04-2026
Web Developer,"Roy, Kari and Thaman",Part Time,06-07-2026,Pune,Immediately,9,5000,28-08-2026
Data Analyst,Issac-Subramanian,Part Time,16-01-2026,Lucknow,Immediately,4,5000,12-02-2026
Marketing,Mital-Puri,Remote,16-04-2026,"Ahmedabad,Lucknow",08-05-2026,10,10000,28-05-2026
Marketing,Parekh Group,Part Time,28-06-2026,Pune,27-07-2026,8,5000,15-07-2026
Marketing,Gandhi-Chatterjee,Full Time,24-03-2026,"Delhi,Hyderabad,Chennai",09-04-2026,2,15000,17-04-2026
Business Development,"Dalal, Mani and Chander",Remote,21-05-2026,"Bengaluru,Chennai",Immediately,6,5000,07-07-2026
Data Analyst,Tara-Setty,Full Time,19-06-2026,"Mumbai,Jaipur,Bengaluru",14-07-2026,6,0,23-07-2026
Business Development,"Sachar, Gola and Tripathi",Full Time,10-05-2026,"Mumbai,Bengaluru,Pune",09-06-2026,1,0,01-07-2026
Content Writing,Grewal-Ben,Remote,21-07-2026,"Pune,Chennai",17-08-2026,4,10000,17-09-2026
Content Writing,Garg-Chokshi,Part Time,29-01-2026,"Pune,Delhi",Immediately,1,0,23-03-2026
Data Analyst,"Baral, Murty and Kadakia",Remote,12-05-2026,"Kolkata,Jaipur,Pune,Delhi",Immediately,3,15000,12-06-2026
Data Analyst,Nigam Inc,Part Time,19-05-2026,"Mumbai,Pune,Hyderabad,Ahmedabad",30-05-2026,1,0,16-07-2026
Data Analyst,Minhas PLC,Remote,30-01-2026,Ahmedabad,26-02-2026,2,0,25-02-2026
AI/ML Intern,Doctor-Dhawan,Remote,23-03-2026,"Ahmedabad,Lucknow,Hyderabad",Immediately,2,5000,12-05-2026
Marketing,"Rattan, Wali and Nayak",Remote,17-02-2026,"Bengaluru,Kolkata,Ahmedabad,Jaipur",09-03-2026,12,10000,06-04-2026
Data Analyst,Swaminathan Ltd,Full Time,22-06-2026,Chennai,Immediately,5,5000,09-07-2026
Business Development,Ben Group,Full Time,02-02-2026,"Mumbai,Lucknow,Kolkata",11-02-2026,7,15000,12-03-2026
Web Developer,Rau-Varty,Remote,20-07-2026,"Mumbai,Lucknow,Pune,Kolkata",Immediately,4,10000,03-09-2026
Business Development,Nigam-Bhavsar,Remote,19-02-2026,"Delhi,Jaipur,Lucknow,Mumbai",01-03-2026,9,0,12-04-2026
Data Analyst,"Batta, Brar and Bose",Part Time,01-01-2026,"Mumbai,Bengaluru,Ahmedabad",22-01-2026,12,0,13-02-2026
AI/ML Intern,Jayaraman-Mukhopadhyay,Full Time,05-05-2026,"Delhi,Chennai,Lucknow,Ahmedabad",25-05-2026,1,15000,13-06-2026
Data Analyst,Balan PLC,Part Time,18-06-2026,Lucknow,17-07-2026,12,5000,17-07-2026
Business Development,Sandhu Inc,Full Time,04-07-2026,"Delhi,Pune",Immediately,12,0,19-07-2026
Business Development,Deshpande Group,Remote,04-02-2026,"Pune,Delhi",Immediately,6,10000,03-04-2026
AI/ML Intern,Chaudhary and Sons,Full Time,14-03-2026,"Hyderabad,Bengaluru,Pune,Chennai",Immediately,9,5000,28-04-2026
Marketing,Patla Ltd,Remote,21-07-2026,"Chennai,Lucknow,Jaipur",13-08-2026,8,15000,17-08-2026
AI/ML Intern,Halder-Mani,Part Time,03-05-2026,Chennai,28-05-2026,8,10000,03-06-2026
Web Developer,Prabhu-Srinivas,Remote,21-07-2026,"Pune,Bengaluru",Immediately,3,0,09-09-2026
Business Development,Kota LLC,Part Time,13-02-2026,"Chennai,Jaipur",09-03-2026,5,0,22-03-2026
Web Developer,Dara PLC,Part Time,06-03-2026,"Mumbai,Ahmedabad,Bengaluru,Kolkata",Immediately,6,15000,16-04-2026
Data Analyst,Narasimhan Group,Part Time,13-02-2026,"Lucknow,Jaipur,Chennai",28-02-2026,8,0,13-03-2026
Marketing,Sabharwal-Nayak,Full Time,07-08-2026,"Jaipur,Mumbai,Delhi,Pune",Immediately,9,15000,08-09-2026
Content Writing,Balasubramanian PLC,Part Time,25-02-2026,"Delhi,Pune",Immediately,2,5000,19-03-2026
AI/ML Intern,"Mital, Dhingra and Bhatti",Full Time,24-01-2026,"Bengaluru,Ahmedabad",11-02-2026,10,10000,11-02-2026
Data Analyst,Hans PLC,Full Time,19-05-2026,"Kolkata,Chennai,Jaipur,Lucknow",Immediately,3,0,14-06-2026
Marketing,"Dara, Pingle and Bassi",Part Time,30-06-2026,Pune,30-07-2026,2,15000,01-08-2026
Data Analyst,Chand-Nagarajan,Part Time,07-02-2026,"Mumbai,Jaipur,Pune",Immediately,11,0,03-04-2026
Data Analyst,Pau-Jayaraman,Part Time,10-01-2026,"Ahmedabad,Jaipur",Immediately,7,15000,23-02-2026
AI/ML Intern,"Narang, Dyal and Chanda",Full Time,09-04-2026,"Chennai,Ahmedabad,Pune,Delhi",Immediately,12,15000,28-05-2026
Marketing,"Puri, Amble and Taneja",Full Time,27-08-2026,Bengaluru,21-09-2026,7,0,13-10-2026
Web Developer,Divan Ltd,Remote,12-03-2026,"Delhi,Hyderabad,Jaipur",08-04-2026,10,15000,08-04-2026
Content Writing,"Nayak, Wali and Varghese",Remote,14-01-2026,"Ahmedabad,Jaipur,Lucknow,Delhi",22-01-2026,12,10000,27-02-2026
Data Analyst,Ratti-Sachdeva,Part Time,17-01-2026,"Lucknow,Chennai,Ahmedabad,Jaipur",25-01-2026,3,10000,17-03-2026
Data Analyst,Trivedi-Misra,Part Time,14-05-2026,"Mumbai,Delhi",25-05-2026,12,5000,08-06-2026
Marketing,More and Sons,Remote,16-01-2026,Hyderabad,Immediately,3,15000,06-03-2026
Business Development,Bhatti Ltd,Part Time,25-03-2026,"Bengaluru,Ahmedabad,Chennai",Immediately,9,10000,03-05-2026
Data Analyst,Chacko-Upadhyay,Remote,21-03-2026,"Bengaluru,Jaipur",Immediately,5,0,05-04-2026
AI/ML Intern,Barad-Sani,Full Time,11-05-2026,Hyderabad,23-05-2026,8,10000,19-06-2026
Content Writing,Sharma Ltd,Part Time,25-08-2026,"Ahmedabad,Kolkata",23-09-2026,12,10000,26-09-2026
Web Developer,Andra-Aggarwal,Full Time,04-04-2026,"Mumbai,Delhi",01-05-2026,4,10000,03-05-2026
Data Analyst,Ben and Sons,Remote,29-04-2026,"Pune,Bengaluru",16-05-2026,7,0,14-05-2026
Marketing,"Deol, Ben and Bhalla",Full Time,17-06-2026,"Lucknow,Pune,Mumbai,Chennai",Immediately,9,5000,22-07-2026
Business Development,Bhatt Group,Part Time,14-06-2026,"Mumbai,Lucknow",Immediately,12,15000,06-07-2026
Data Analyst,"Peri, Pant and Sheth",Remote,16-06-2026,"Lucknow,Jaipur",15-07-2026,9,0,03-07-2026
Content Writing,Pandit-Nair,Full Time,08-07-2026,"Kolkata,Jaipur,Pune,Hyderabad",02-08-2026,12,15000,02-08-2026
Web Developer,Bhasin LLC,Remote,26-04-2026,Bengaluru,24-05-2026,11,5000,16-06-2026
Data Analyst,Pai and Sons,Remote,19-05-2026,"Bengaluru,Mumbai",12-06-2026,3,0,07-06-2026
Data Analyst,Reddy Group,Part Time,02-01-2026,"Hyderabad,Ahmedabad",Immediately,6,10000,03-02-2026
Marketing,Nazareth Inc,Part Time,25-04-2026,"Jaipur,Delhi",Immediately,7,5000,13-05-2026
AI/ML Intern,Virk-Taneja,Part Time,20-05-2026,"Mumbai,Delhi",29-05-2026,10,0,04-07-2026
Data Analyst,Babu-Bajwa,Full Time,26-04-2026,"Delhi,Ahmedabad,Jaipur",19-05-2026,7,15000,04-06-2026
AI/ML Intern,Dara-Sehgal,Full Time,25-07-2026,"Lucknow,Pune,Kolkata",20-08-2026,5,10000,23-08-2026
AI/ML Intern,Sampath Inc,Full Time,13-08-2026,"Ahmedabad,Bengaluru,Mumbai",Immediately,7,15000,16-09-2026
Business Development,Ramanathan PLC,Full Time,13-05-2026,"Jaipur,Bengaluru,Ahmedabad",Immediately,9,5000,25-06-2026
AI/ML Intern,Dugar PLC,Full Time,24-07-2026,"Delhi,Ahmedabad,Lucknow",Immediately,6,0,31-08-2026
Data Analyst,Ghosh Ltd,Part Time,23-05-2026,"Pune,Mumbai",Immediately,12,10000,05-07-2026
Marketing,"Mani, Venkatesh and Ramachandran",Part Time,26-07-2026,Jaipur,Immediately,7,10000,16-08-2026
Business Development,Grewal-Aurora,Full Time,19-08-2026,"Kolkata,Mumbai,Bengaluru,Hyderabad",31-08-2026,9,15000,19-09-2026
Data Analyst,Grover-Ramesh,Part Time,27-07-2026,Pune,14-08-2026,9,10000,15-08-2026
Business Development,"Butala, Grover and Doshi",Part Time,29-06-2026,Mumbai,29-07-2026,3,15000,25-08-2026
Marketing,"Bhalla, Sachar and Dayal",Full Time,22-02-2026,"Bengaluru,Delhi",Immediately,6,0,09-04-2026
Content Writing,Thaman-Dhawan,Remote,27-08-2026,"Kolkata,Hyderabad,Pune,Delhi",Immediately,11,15000,03-10-2026
Content Writing,Gill LLC,Remote,17-07-2026,"Delhi,Hyderabad,Mumbai,Ahmedabad",28-07-2026,5,0,30-08-2026
Web Developer,Apte Group,Full Time,17-05-2026,"Mumbai,Delhi",01-06-2026,2,5000,02-06-2026
AI/ML Intern,Loke-Purohit,Remote,18-03-2026,"Chennai,Bengaluru",17-04-2026,6,15000,12-04-2026
Web Developer,Mitter-Kala,Full Time,24-08-2026,"Pune,Jaipur",Immediately,9,5000,13-10-2026
Marketing,Goda Group,Part Time,04-05-2026,"Lucknow,Kolkata,Hyderabad,Chennai",Immediately,5,5000,22-06-2026
Marketing,Ramaswamy Inc,Remote,03-03-2026,"Lucknow,Delhi",Immediately,3,0,17-04-2026
AI/ML Intern,Choudhury Inc,Full Time,04-02-2026,Delhi,01-03-2026,10,5000,01-04-2026
Web Developer,"Goyal, Issac and Banerjee",Full Time,20-08-2026,"Lucknow,Hyderabad,Delhi,Mumbai",Immediately,10,5000,17-10-2026
Marketing,Bhandari-Pillai,Remote,29-05-2026,"Lucknow,Delhi",15-06-2026,2,15000,20-06-2026
Content Writing,Suri-Hayer,Remote,07-08-2026,"Lucknow,Chennai,Jaipur",30-08-2026,4,5000,05-10-2026
Web Developer,Shankar Inc,Part Time,17-03-2026,Hyderabad,15-04-2026,1,0,30-04-2026
Content Writing,D’Alia Group,Part Time,01-08-2026,"Delhi,Bengaluru,Jaipur",Immediately,11,0,17-09-2026
Data Analyst,"Anand, Zachariah and Parikh",Remote,26-06-2026,"Kolkata,Bengaluru",12-07-2026,8,5000,05-08-2026
AI/ML Intern,Nanda Group,Full Time,17-07-2026,"Chennai,Pune",Immediately,8,0,11-08-2026
Content Writing,Tata Ltd,Full Time,01-02-2026,"Chennai,Pune",Immediately,1,5000,02-04-2026
Marketing,"Loke, Ahluwalia and Talwar",Full Time,13-06-2026,Ahmedabad,04-07-2026,5,15000,10-07-2026
Data Analyst,Kapur-Kumar,Part Time,28-07-2026,"Lucknow,Mumbai,Ahmedabad",20-08-2026,12,0,17-09-2026
Marketing,Rout-Nanda,Part Time,15-08-2026,"Kolkata,Delhi,Pune",Immediately,5,10000,03-09-2026
Data Analyst,"Chacko, Randhawa and Hayre",Full Time,22-01-2026,"Mumbai,Lucknow",15-02-2026,10,5000,14-02-2026
Marketing,"Ratti, Ahluwalia and Tara",Full Time,16-07-2026,"Mumbai,Kolkata,Lucknow,Ahmedabad",14-08-2026,6,15000,05-08-2026
Marketing,"Luthra, Wason and Andra",Remote,30-01-2026,"Ahmedabad,Lucknow",Immediately,6,10000,19-03-2026
Data Analyst,Tiwari-Garg,Remote,22-05-2026,Hyderabad,11-06-2026,2,0,15-06-2026
AI/ML Intern,"Khurana, Sodhi and Seshadri",Full Time,03-01-2026,"Pune,Hyderabad,Lucknow",31-01-2026,6,5000,15-02-2026
Business Development,"Palan, Sathe and Din",Part Time,03-02-2026,Chennai,15-02-2026,4,15000,25-03-2026
Business Development,Bava PLC,Full Time,04-03-2026,"Lucknow,Jaipur,Delhi,Ahmedabad",Immediately,11,0,26-04-2026
Marketing,Kata Group,Part Time,02-06-2026,Pune,Immediately,6,15000,30-06-2026
Marketing,"Dalal, Mistry and Swaminathan",Part Time,09-05-2026,"Lucknow,Bengaluru,Delhi",31-05-2026,4,5000,06-06-2026
Web Developer,Devi Ltd,Remote,16-03-2026,"Jaipur,Kolkata",15-04-2026,8,0,09-04-2026
Web Developer,Bal-Korpal,Remote,04-04-2026,"Hyderabad,Bengaluru",02-05-2026,5,0,18-05-2026
Web Developer,Kashyap PLC,Remote,12-03-2026,"Chennai,Mumbai,Delhi,Jaipur",25-03-2026,10,10000,31-03-2026
AI/ML Intern,Loke-Sheth,Full Time,31-05-2026,Kolkata,20-06-2026,7,5000,18-07-2026
Web Developer,"Munshi, Chander and Ramakrishnan",Remote,06-05-2026,"Pune,Mumbai",Immediately,1,0,26-06-2026
Content Writing,Sunder LLC,Remote,02-05-2026,Delhi,Immediately,11,10000,30-06-2026
Web Developer,Arora Group,Full Time,23-07-2026,"Ahmedabad,Jaipur,Delhi,Bengaluru",Immediately,1,5000,22-08-2026
Content Writing,"Gandhi, Ramachandran and Mandal",Remote,22-04-2026,"Mumbai,Bengaluru",11-05-2026,10,10000,30-05-2026
Content Writing,Rattan LLC,Part Time,29-05-2026,Hyderabad,Immediately,11,10000,11-07-2026
Marketing,Mital-Pandya,Part Time,12-04-2026,"Jaipur,Hyderabad,Pune,Mumbai",19-04-2026,3,0,01-06-2026
Business Development,Badal-Gara,Part Time,15-06-2026,"Jaipur,Ahmedabad,Kolkata,Pune",05-07-2026,2,5000,13-08-2026
Marketing,Tak-Pandit,Part Time,04-06-2026,"Pune,Lucknow,Kolkata",Immediately,2,15000,08-07-2026
Business Development,"Mohanty, Date and Bose",Remote,20-02-2026,"Jaipur,Kolkata,Delhi",Immediately,12,15000,28-03-2026
Marketing,Loke Inc,Full Time,05-07-2026,"Ahmedabad,Mumbai,Bengaluru,Pune",Immediately,6,5000,31-07-2026
Marketing,Chaudhari-Patil,Full Time,13-08-2026,"Jaipur,Bengaluru,Pune",Immediately,4,0,21-09-2026
Business Development,"Kamdar, Sandal and Tak",Remote,01-03-2026,Chennai,Immediately,6,0,14-04-2026
Content Writing,"Saxena, Pandey and Sheth",Remote,31-07-2026,"Pune,Ahmedabad,Kolkata,Delhi",Immediately,9,15000,18-09-2026
Web Developer,Dhar-Mukherjee,Full Time,31-07-2026,"Lucknow,Hyderabad",28-08-2026,1,10000,06-09-2026
Data Analyst,Choudhry-Kulkarni,Part Time,05-03-2026,"Bengaluru,Hyderabad,Lucknow",21-03-2026,8,0,25-04-2026
AI/ML Intern,Shetty-Modi,Part Time,26-02-2026,Kolkata,Immediately,5,10000,14-04-2026
AI/ML Intern,Bath-Borra,Part Time,19-06-2026,"Ahmedabad,Chennai,Delhi,Jaipur",Immediately,2,15000,04-07-2026
Data Analyst,Sane-Sahota,Remote,07-03-2026,"Chennai,Hyderabad,Bengaluru",04-04-2026,3,5000,05-05-2026
Data Analyst,"Lal, Ratta and Memon",Full Time,21-03-2026,"Ahmedabad,Lucknow",Immediately,3,10000,01-05-2026
Marketing,"Sekhon, Dani and Rao",Remote,06-03-2026,"Mumbai,Chennai",Immediately,7,0,25-04-2026
Content Writing,Sibal-Andra,Part Time,20-03-2026,Hyderabad,Immediately,8,0,21-04-2026
AI/ML Intern,Mitter PLC,Full Time,12-08-2026,Lucknow,Immediately,10,10000,12-09-2026
Data Analyst,"Srinivas, Wagle and Bora",Part Time,15-06-2026,Ahmedabad,14-07-2026,11,0,13-07-2026
Business Development,"Narang, Brar and Puri",Remote,12-08-2026,"Chennai,Lucknow,Mumbai",21-08-2026,11,15000,14-09-2026
Marketing,"Ramanathan, Ranganathan and Sanghvi",Remote,05-03-2026,Bengaluru,Immediately,11,0,28-03-2026
Business Development,"Manne, Anne and Mahal",Remote,19-03-2026,"Hyderabad,Jaipur,Delhi,Mumbai",Immediately,12,10000,05-05-2026
Data Analyst,Bhandari-Chand,Full Time,21-03-2026,Kolkata,03-04-2026,7,15000,27-04-2026
AI/ML Intern,Arora-Sami,Full Time,26-06-2026,"Kolkata,Ahmedabad",14-07-2026,8,0,09-08-2026
AI/ML Intern,Dash-Mohanty,Remote,04-04-2026,"Jaipur,Bengaluru",11-04-2026,12,0,10-05-2026
Content Writing,Balasubramanian Inc,Remote,01-08-2026,"Bengaluru,Pune,Kolkata,Jaipur",10-08-2026,1,0,05-09-2026
Data Analyst,Deol PLC,Part Time,26-06-2026,"Jaipur,Lucknow",Immediately,2,0,20-08-2026
Business Development,Raman LLC,Part Time,15-06-2026,"Bengaluru,Kolkata",Immediately,8,10000,10-07-2026
AI/ML Intern,Sachdeva-Rattan,Full Time,22-05-2026,"Jaipur,Hyderabad,Delhi,Lucknow",30-05-2026,8,10000,27-06-2026
Data Analyst,"Shah, Basak and Upadhyay",Full Time,18-05-2026,"Ahmedabad,Mumbai",28-05-2026,3,0,15-07-2026
Marketing,"Raju, Saran and Devi",Part Time,29-05-2026,Hyderabad,09-06-2026,12,0,13-06-2026
AI/ML Intern,"Gandhi, Iyer and Venkatesh",Full Time,12-01-2026,Ahmedabad,23-01-2026,12,10000,10-03-2026
Data Analyst,"Salvi, Parikh and Butala",Full Time,19-05-2026,"Pune,Chennai,Jaipur,Ahmedabad",Immediately,3,10000,13-06-2026
Content Writing,Balan-Koshy,Part Time,12-02-2026,Jaipur,10-03-2026,5,10000,05-03-2026
Content Writing,Shroff Group,Remote,17-01-2026,Delhi,Immediately,6,5000,20-02-2026
Content Writing,"Patil, Dey and Chander",Full Time,09-08-2026,"Bengaluru,Pune,Mumbai",Immediately,2,0,01-09-2026
Web Developer,"Kumar, Khalsa and Chand",Part Time,09-03-2026,"Bengaluru,Lucknow,Mumbai",21-03-2026,5,10000,08-05-2026
Marketing,Baria and Sons,Full Time,19-05-2026,Ahmedabad,28-05-2026,5,5000,13-07-2026
Web Developer,Malhotra-Purohit,Full Time,02-05-2026,Delhi,28-05-2026,3,15000,05-06-2026
AI/ML Intern,Memon-Narayanan,Full Time,11-01-2026,Pune,Immediately,11,10000,19-02-2026
Business Development,Manda-Rao,Part Time,09-07-2026,Mumbai,18-07-2026,3,15000,16-08-2026
AI/ML Intern,"Narain, Wali and Nagy",Part Time,22-04-2026,"Chennai,Pune,Jaipur",16-05-2026,12,5000,03-06-2026
Web Developer,Keer PLC,Part Time,03-03-2026,"Bengaluru,Jaipur,Chennai",21-03-2026,11,5000,16-04-2026
Marketing,Gill Ltd,Full Time,30-08-2026,"Mumbai,Lucknow",Immediately,10,15000,28-09-2026
AI/ML Intern,Dube-Deshmukh,Part Time,26-06-2026,Kolkata,10-07-2026,9,15000,28-07-2026
Data Analyst,"Sarma, Mishra and Karnik",Full Time,09-06-2026,"Hyderabad,Delhi,Pune,Kolkata",20-06-2026,4,5000,07-08-2026
Content Writing,Reddy LLC,Remote,12-02-2026,"Jaipur,Chennai",05-03-2026,12,0,24-03-2026
AI/ML Intern,Gole Ltd,Part Time,08-05-2026,"Bengaluru,Kolkata",Immediately,1,0,10-06-2026
Business Development,"Taneja, Viswanathan and Lalla",Part Time,11-07-2026,Kolkata,08-08-2026,5,5000,11-08-2026
AI/ML Intern,"Dutta, Kurian and Upadhyay",Full Time,17-05-2026,"Bengaluru,Hyderabad,Pune,Delhi",05-06-2026,12,15000,28-06-2026
Web Developer,Narayan Ltd,Part Time,23-04-2026,"Jaipur,Mumbai,Chennai",Immediately,6,0,06-06-2026
Marketing,Shroff LLC,Remote,06-03-2026,"Delhi,Mumbai,Ahmedabad",22-03-2026,3,5000,29-04-2026
Marketing,"Andra, Shenoy and Acharya",Remote,17-07-2026,"Jaipur,Bengaluru",30-07-2026,7,10000,24-08-2026
Content Writing,"Swaminathan, Batra and Bhattacharyya",Remote,24-04-2026,"Kolkata,Mumbai,Hyderabad",Immediately,1,10000,30-05-2026
Data Analyst,Ratta-Gade,Part Time,26-06-2026,"Hyderabad,Delhi",Immediately,3,10000,28-07-2026
Business Development,Contractor-Chada,Remote,05-03-2026,"Ahmedabad,Chennai",22-03-2026,11,0,20-04-2026
Web Developer,Narula-Pandya,Remote,01-06-2026,Delhi,Immediately,11,5000,04-07-2026
Content Writing,Vala-Saha,Part Time,10-07-2026,"Bengaluru,Jaipur,Kolkata",27-07-2026,12,15000,27-07-2026
AI/ML Intern,"Chaudhari, Som and Srivastava",Part Time,05-02-2026,"Mumbai,Delhi",21-02-2026,1,0,23-02-2026
Marketing,Palla-Suri,Part Time,15-08-2026,"Lucknow,Chennai",Immediately,6,0,14-10-2026
Business Development,Vaidya Ltd,Remote,11-06-2026,Bengaluru,Immediately,6,5000,25-07-2026
AI/ML Intern,"Kannan, Grewal and Salvi",Remote,20-06-2026,Bengaluru,Immediately,9,5000,11-07-2026
Data Analyst,Munshi-Batta,Part Time,16-05-2026,"Pune,Bengaluru",09-06-2026,1,15000,10-07-2026
Marketing,"Chacko, Dash and Karan",Remote,18-01-2026,"Ahmedabad,Lucknow",03-02-2026,8,15000,09-03-2026
Business Development,"Sagar, Kamdar and Bhattacharyya",Remote,01-06-2026,"Pune,Ahmedabad",28-06-2026,3,5000,10-07-2026
Marketing,"Gupta, Master and Parekh",Part Time,27-06-2026,Jaipur,06-07-2026,2,0,12-07-2026
Data Analyst,"Swamy, Bala and Keer",Part Time,04-07-2026,Delhi,Immediately,5,5000,04-08-2026
Marketing,Apte LLC,Full Time,25-06-2026,Bengaluru,12-07-2026,10,0,01-08-2026
Data Analyst,Borah-Raghavan,Part Time,20-01-2026,"Jaipur,Delhi,Hyderabad",30-01-2026,4,10000,15-03-2026
Data Analyst,"Pai, Modi and Vasa",Part Time,20-06-2026,Hyderabad,05-07-2026,11,5000,18-07-2026
Marketing,Grewal-Chandra,Full Time,16-02-2026,Pune,28-02-2026,6,15000,10-03-2026
Content Writing,"Verma, Bhattacharyya and Varty",Part Time,25-01-2026,"Delhi,Lucknow",Immediately,5,10000,14-03-2026
Web Developer,"Arora, Kulkarni and Edwin",Full Time,17-04-2026,"Delhi,Ahmedabad,Chennai",07-05-2026,12,0,23-05-2026
Business Development,Bhardwaj LLC,Remote,04-06-2026,"Delhi,Bengaluru",12-06-2026,11,15000,10-07-2026
Data Analyst,Rege Ltd,Full Time,07-03-2026,"Lucknow,Delhi",17-03-2026,12,15000,29-04-2026
Web Developer,Mander Inc,Full Time,01-04-2026,Ahmedabad,13-04-2026,12,15000,27-05-2026
Content Writing,Bahl-Trivedi,Full Time,05-06-2026,"Ahmedabad,Mumbai,Hyderabad",22-06-2026,1,15000,29-07-2026
Content Writing,Bajaj-Mital,Full Time,02-05-2026,Delhi,Immediately,9,15000,18-06-2026
Business Development,Barad-Upadhyay,Remote,11-02-2026,Chennai,07-03-2026,10,10000,27-03-2026
Data Analyst,Anand PLC,Full Time,06-03-2026,Mumbai,17-03-2026,6,0,01-05-2026
Data Analyst,"Mani, Rau and Shankar",Part Time,20-06-2026,"Bengaluru,Kolkata",05-07-2026,3,10000,06-07-2026
Business Development,Natarajan LLC,Full Time,09-01-2026,Jaipur,Immediately,11,10000,09-03-2026
Content Writing,Mahajan Ltd,Part Time,29-06-2026,"Delhi,Chennai,Kolkata,Hyderabad",Immediately,3,5000,19-08-2026
Content Writing,Karpe-Divan,Part Time,12-04-2026,"Mumbai,Jaipur",Immediately,12,5000,03-06-2026
Marketing,Mahajan-Ahuja,Full Time,22-08-2026,"Mumbai,Lucknow,Kolkata,Hyderabad",Immediately,11,0,14-10-2026
Web Developer,Biswas PLC,Remote,21-06-2026,"Delhi,Bengaluru,Chennai",Immediately,1,0,27-07-2026
AI/ML Intern,"Hayre, Singh and Lata",Remote,13-01-2026,"Hyderabad,Chennai,Mumbai,Pune",24-01-2026,2,0,10-03-2026
Content Writing,"Arya, Bahri and Kothari",Remote,18-04-2026,"Bengaluru,Mumbai,Kolkata,Pune",14-05-2026,9,10000,09-05-2026
Business Development,Dube Ltd,Full Time,12-02-2026,Delhi,Immediately,2,5000,11-03-2026
Business Development,"Chhabra, Dhaliwal and Magar",Part Time,05-06-2026,"Kolkata,Lucknow,Jaipur,Ahmedabad",Immediately,4,15000,02-08-2026
Marketing,Tailor-Lal,Full Time,05-01-2026,"Delhi,Jaipur",Immediately,1,15000,02-03-2026
Marketing,Kalita-Jain,Remote,13-01-2026,Ahmedabad,Immediately,1,0,17-02-2026
Business Development,Deo-Karpe,Part Time,28-02-2026,"Chennai,Pune",21-03-2026,1,0,04-04-2026
Marketing,Mani-Thaker,Remote,07-04-2026,Delhi,06-05-2026,3,0,29-04-2026
Business Development,Bajaj Ltd,Full Time,30-05-2026,"Bengaluru,Hyderabad,Pune",17-06-2026,6,0,18-07-2026
Marketing,"Konda, Pant and Behl",Full Time,12-04-2026,Pune,24-04-2026,4,10000,25-05-2026
Web Developer,Khosla LLC,Part Time,14-08-2026,"Bengaluru,Hyderabad,Chennai",Immediately,12,0,16-09-2026
Content Writing,Chopra and Sons,Part Time,03-07-2026,"Pune,Ahmedabad,Chennai,Delhi",28-07-2026,3,10000,29-08-2026
Marketing,"Gupta, Madan and Kakar",Part Time,02-08-2026,"Pune,Lucknow,Ahmedabad,Mumbai",27-08-2026,12,10000,09-09-2026
Data Analyst,"Cherian, Patla and Sharma",Part Time,10-06-2026,"Kolkata,Jaipur,Bengaluru,Delhi",Immediately,7,5000,06-07-2026
Marketing,Oak-Soni,Part Time,31-07-2026,Hyderabad,Immediately,1,0,25-09-2026
AI/ML Intern,Varghese PLC,Full Time,09-06-2026,"Kolkata,Ahmedabad",Immediately,4,15000,16-07-2026
AI/ML Intern,Dash PLC,Full Time,26-02-2026,"Hyderabad,Pune,Bengaluru",Immediately,11,5000,19-03-2026
Business Development,Nagy PLC,Part Time,10-07-2026,"Lucknow,Hyderabad,Chennai,Mumbai",Immediately,1,5000,27-07-2026
AI/ML Intern,Dara LLC,Full Time,08-02-2026,"Delhi,Mumbai,Ahmedabad,Lucknow",Immediately,4,10000,21-03-2026
Content Writing,Yogi-Mody,Part Time,23-07-2026,"Delhi,Hyderabad,Ahmedabad",18-08-2026,1,10000,18-08-2026
Content Writing,"Rajan, Shukla and Thakkar",Part Time,26-04-2026,Hyderabad,14-05-2026,2,0,18-06-2026
Business Development,Bobal Ltd,Part Time,19-06-2026,"Mumbai,Hyderabad,Kolkata,Pune",Immediately,10,15000,26-07-2026
Web Developer,"Nagar, Nagy and Manne",Full Time,30-03-2026,"Delhi,Ahmedabad,Mumbai",Immediately,10,10000,04-05-2026
Business Development,Issac Ltd,Remote,14-06-2026,"Bengaluru,Lucknow,Delhi,Kolkata",09-07-2026,5,5000,23-07-2026
Web Developer,Chaudhari-Barad,Remote,06-01-2026,"Ahmedabad,Mumbai",24-01-2026,5,0,29-01-2026
Data Analyst,Tata PLC,Part Time,30-05-2026,"Pune,Hyderabad,Ahmedabad,Bengaluru",18-06-2026,8,10000,15-07-2026
Content Writing,"Choudhary, Misra and Prasad",Full Time,06-06-2026,"Kolkata,Delhi",Immediately,5,15000,11-07-2026
Marketing,Lata Inc,Full Time,26-01-2026,"Kolkata,Bengaluru,Delhi,Hyderabad",17-02-2026,12,5000,21-03-2026
Data Analyst,Pall-Raghavan,Remote,25-01-2026,"Kolkata,Lucknow,Delhi",17-02-2026,11,0,15-02-2026
Marketing,"Subramaniam, Karan and Wable",Part Time,10-02-2026,"Kolkata,Bengaluru,Lucknow",Immediately,5,10000,25-03-2026
Business Development,Dugar and Sons,Part Time,06-02-2026,"Kolkata,Mumbai",20-02-2026,8,5000,24-03-2026
Data Analyst,Kalla-Agate,Remote,06-05-2026,Chennai,Immediately,10,0,02-07-2026
Data Analyst,Bhatt PLC,Full Time,24-04-2026,"Jaipur,Ahmedabad,Kolkata",23-05-2026,7,5000,11-06-2026
AI/ML Intern,Mohan Inc,Remote,02-06-2026,"Pune,Chennai,Hyderabad",Immediately,8,5000,20-06-2026
Data Analyst,Muni-Muni,Remote,11-05-2026,"Lucknow,Delhi,Ahmedabad,Chennai",Immediately,8,5000,30-06-2026
